Call From,Group,Employees,Start Time,End Time,Caller Name,Caller Address,Caller Email,Caller Business,Remark,Rate,Pulse,Duration,Call Status,Call ID,Reference ID,Assign To,Last Modified,test
"08147375687","WELCOME  direction",,"2016-07-04 17:33:23","2016-07-04 18:33:23","padma","","padma@gmail.com","","","0","0","0","","0","0","1",,
"08147375687",,"Ashwini Naidu","2016-07-04 17:33:23","2016-07-04 18:33:23","padma","padma","padma@gmail.com","padma","padmapadma","7","0","0","CANCEL","4","0","1",,
"08147375687","WELCOME  direction",,"2016-07-04 17:33:23","2016-07-04 18:33:23","padma","","padma@gmail.com","","","0","0","0","","0","0","1",,
"08147375687","WELCOME  direction",,"2016-07-04 17:33:23","2016-07-04 18:33:23","padma","","padma@gmail.com","","","0","0","0","","0","0","1",,
"08147375687",,"Ashwini Naidu","2016-07-04 17:33:23","2016-07-04 18:33:23","padma","","padma@gmail.com","","","0","0","0","CANCEL","2","0","1",,
"08147375687","WELCOME  direction",,"2016-07-04 17:33:23","2016-07-04 18:33:23","padma","","padma@gmail.com","","","0","0","0","","0","0","1",,
"08147375687","WELCOME  direction",,"2016-07-04 17:33:23","2016-07-04 18:33:23","padma","","padma@gmail.com","","","0","0","0","","0","0","1",,
"08147375687","WELCOME  direction",,"2016-07-04 17:33:23","2016-07-04 18:33:23","padma","","padma@gmail.com","","","0","0","0","","0","0","1",,
"08147375687",,,"2016-07-04 17:33:23","2016-07-04 18:33:23","padma","","padma@gmail.com","","","0","1","31","ANSWER","3","0","1",,
"08147375687","WELCOME  direction",,"2016-07-04 17:33:23","2016-07-04 18:33:23","padma","","padma@gmail.com","","","0","0","0","","0","0","1",,
"08147375687","WELCOME  direction",,"2016-07-04 17:33:23","2016-07-04 18:33:23","padma","","padma@gmail.com","","","0","0","0","","0","0","1",,
"08147375687","WELCOME  direction",,"2016-07-04 17:33:23","2016-07-04 18:33:23","padma","","padma@gmail.com","","","0","0","0","","0","0","1",,
