Call From,Group,Employees,Start Time,End Time,Caller Name,Caller Address,Caller Email,Caller Business,Remark,Rate,Pulse,Duration,Call Status,Call ID,Reference ID,Assign To,Last Modified,test
"8884407539","TESTINGLEADGRP","Ashwini Naidu","2017-05-10 04:19:23","2017-01-15 07:19:23","ashwini","sadf as","ashwini.134@gmail.com","","test remark test remark","0","1","42","CONNECTING","16","3453","bhanu","2017-03-21 10:37:45",
"8884407539","VMCtech 13","bhulakshmi","2017-05-09 13:19:23","2017-01-17 14:19:23","ashwini","sadf as","ashwini.134@gmail.com","","test remark test remark AsqW","0","92","5467","CONNECTING","13","3453","bhanu","2017-04-14 06:01:31",
"8884407539","VMCtech 13","bhulakshmi","2017-05-07 18:49:23","2017-01-17 19:49:23","ashwini","sadf as","ashwini.134@gmail.com","","test remark test remark AsqW","0","92","5467","CONNECTING","13","3453","bhanu","2017-04-14 11:31:31",
"8884407539","TESTINGLEADGRP","Ashwini Naidu","2017-05-03 09:49:23","2017-01-15 12:49:23","ashwini","sadf as","ashwini.134@gmail.com","","test remark test remark","0","1","42","CONNECTING","16","3453","bhanu","2017-03-21 16:07:45",
"00918884407539","TESTINGLEADGRP","Ashwini Naidu","2016-07-05 17:33:23","2016-07-05 18:33:23","","","","","","0","3","129","ANSWER","0","0","3",,
"00918884407539","VIJAYKARNATAKAS",,"2016-07-04 17:33:23","2016-07-04 18:33:23","","","","","","0","2","89","ANSWER","0","0","3",,
"00918884407539",,,"2016-07-04 17:33:23","2016-07-04 18:33:23","","","","","","0","0","0","CANCEL","0","0","3",,
"00918884407539",,,"2016-07-04 17:33:23","2016-07-04 18:33:23","","","","","","2","3","152","ANSWER","0","0","3",,
