Call From,Group,Employees,Start Time,End Time,Caller Name,Caller Address,Caller Email,Caller Business,Remark,Rate,Pulse,Duration,Call Status,Call ID,Reference ID,Assign To,Last Modified,test
"8884407539","TESTINGLEADGRP","Ashwini Naidu","2017-05-08 09:49:23","2017-01-15 12:49:23","ashwini","sadf as","ashwini.134@gmail.com","","test remark test remark","0","1","42","CONNECTING","16","3453","bhanu","2017-03-21 16:07:45",
"8884407539","VMCtech 13","bhulakshmi","2017-05-07 18:49:23","2017-01-17 19:49:23","ashwini","sadf as","ashwini.134@gmail.com","","test remark test remark AsqW","0","92","5467","CONNECTING","13","3453","bhanu","2017-04-14 11:31:31",
"	8147375687","VIJAYKARNATAKAS","bhanu","2017-05-06 13:49:23","2017-04-15 13:49:23","ASHWINI N","bangalore","sadfa@asdf.com","","test remark test remark","0","0","0","CONNECTING","13","3453",,"2017-01-16 14:38:33",
"8147375687","VIJAYKARNATAKAS","Ashwini","2017-05-05 07:49:23","2017-04-17 20:49:23","ASHWINI N","#001,bangalore","sadfa@asdf.com","","asad","0","2","75","CANCEL","14","0","Ashwini Naidu","2016-12-08 10:58:37",
"8147375687","VMCtech 13","Ashwini","2017-05-04 17:49:23","2017-04-16 20:49:23","","","","","","0","0","0","ANSWER","17","0","Ashwini Naidu","2017-04-17 15:29:50",
