Call From,Group,Employees,Start Time,End Time,Caller Name,Caller Address,Caller Email,Caller Business,Remark,Rate,Pulse,Duration,Call Status,Call ID,Reference ID,Assign To,Last Modified
"8884407539","VMCtech 13","bhulakshmi","2017-01-19 18:49:23","2017-01-17 19:49:23","ashwini","sadf as","ashwini.134@gmail.com","","test remark test remark AsqW","0","0","0","CONNECTING","13","3453","Ashwini","2017-04-04 15:09:23"
"9035031660","VMCtech 13","Ashwini","2017-01-18 17:49:23","2017-01-14 20:49:23","","","","","","0","71","4255","ANSWER","17","0",,"2017-01-19 19:03:15"
"07259803108","VMCtech 13",,"2016-07-04 17:33:23","2016-07-04 18:33:23","","","","","","0","0","0","","0","0","0",
"07259803108","VMCtech 13",,"2016-07-04 17:33:23","2016-07-04 18:33:23","","","","","","0","0","0","","0","0","0",
